Country,Year,Rank,Total discretized,Total,C1: Security Apparatus,C2: Factionalized Elites,C3: Group Grievance,E1: Economy,E2: Economic Inequality,E3: Human Flight and Brain Drain,P1: State Legitimacy,P2: Public Services,P3: Human Rights,S1: Demographic Pressures,S2: Refugees and IDPs,X1: External Intervention,"Fertility rate, total (births per woman)","Immunization, DPT (% of children ages 12-23 months)",Imports of goods and services (% of GDP),"Life expectancy at birth, female (years)","People using basic drinking water services, rural (% of rural population)",Proportion of seats held by women in national parliaments (%)
South Sudan,2015,1st,alert,141,10,10,10,9,8.8,6.9,10,10,10,9.8,10,10,4.9,10,2.6,1.5,4.8,2.7
Syria,2015,2nd,alert,139.1,10,9.9,10,7.5,7,7.4,9.9,8.2,10,8.1,10,9.9,3,8,2.6,7.1,9.4,1.2
Somalia,2015,3rd,alert,137.4,9.7,10,9.5,9.1,9,9.2,9.3,9.3,10,9.6,9.8,9.5,6.4,9.2,2.8,1.6,2,1.4
Sudan,2015,4th,alert,136.3,9.5,9.8,9.7,8.6,7.9,8.8,9.6,8.8,9.6,8.7,10,9.8,4.6,8.6,0,3.9,5.2,3.1
Afghanistan,2015,5th,alert,135.7,10,9.3,8.9,8.6,7.2,8.1,9.7,9.3,8.6,9.3,9.1,9.8,4.8,9.2,2.1,3.6,5.3,2.8
Iraq,2015,6th,high warning,133.9,10,9.6,10,6.9,7.8,8.1,9.2,7.5,8.9,8.2,8.9,9.4,4.4,7.2,1.7,5.7,7.8,2.7
Congo Democratic Republic,2015,7th,high warning,132.6,9.5,9.5,9.5,7.9,8.8,7.1,9,9.7,10,9.5,9.4,9.8,6.2,9.7,1.6,2.5,2.1,0.9
Central African Republic,2015,8th,high warning,132.5,9.8,10,9.6,8.3,9.7,6.9,9.5,9.9,10,8.4,10,9.8,4.9,9.9,1.3,0.3,4.1,0
Guinea,2015,9th,high warning,131.8,8.9,9.6,8.7,9.2,7.6,7.2,9.9,9.8,8.2,9,8.7,8.1,4.9,9.8,2.2,2.3,5.5,2.2
Yemen,2015,10th,high warning,131.2,10,9.4,9.4,9.3,8.1,7.5,9.3,8.2,9.1,9.2,9.1,9.5,4.1,8,0.7,4.1,6.3,0
Chad,2015,11th,high warning,130.8,8.8,9.5,8.2,7.8,9.1,8.6,9.3,9.7,9.4,9.7,10,8.3,6.1,9.7,1.5,0.5,3.2,1.5
Pakistan,2015,12th,high warning,129.6,9.6,9.2,10,7.7,7.3,7,8.6,7.9,8.4,9,8.9,9.3,3.6,7.6,0.4,4.4,8.7,2.1
Liberia,2015,13th,high warning,127.1,6.9,8.3,6.2,8.6,8.3,6.6,7.3,9.7,6.7,9.5,9.2,10,4.7,9.7,5.3,3.1,6,1.1
Haiti,2015,14th,high warning,126.8,7.5,9.1,6.7,9.1,9.3,9.3,9.4,9.1,7.4,9.5,8.2,9.9,3,9,2.2,3.8,4,0.4
Zimbabwe,2015,15th,high warning,125.1,7.9,9.7,7.8,8,8.1,8,9,8.5,8.3,8.7,8.4,7.6,3.8,8.3,1.5,2.9,5.4,3.2
North Korea,2015,16th,high warning,124.5,8.6,8.5,6.3,9,8,4.2,10,8.9,9.7,7.5,4.3,8.8,2,8.8,2.7,6.2,9.4,1.7
Burundi,2015,17th,high warning,123.8,7.7,7.9,8,8.5,7.7,6.8,8.4,8.3,8.2,9.2,9,8.4,5.8,8.1,1.1,2,5.2,3.6
Guinea Bissau,2015,18th,high warning,123.7,8.8,9.6,5.7,8.7,8.4,8.5,9,9.2,7.2,8.2,7.8,8.8,4.7,9.1,1.3,1.9,5.4,1.4
Timor-Leste,2015,19th,high warning,123.6,7.7,8.3,6.5,8.4,6.7,7,7.4,8.4,5.8,8.9,6.8,8.7,5.6,8.2,4,5.3,6,3.9
Nigeria,2015,20th,high warning,123.5,9.9,9.8,9.9,7.6,8.8,7.1,9.1,9.1,8.8,8.8,7.5,6,5.6,9,0,0.5,5.4,0.6
Niger,2015,21st,high warning,123.3,8.7,8.9,7.5,8.2,8.4,6.9,7.5,9.3,6.8,9.6,7.9,8.1,7.3,9.2,1.6,2.5,3.6,1.3
Ethiopia,2015,22nd,high warning,122.5,8.4,8.6,8.5,6.9,7.1,7,7.4,8.6,8.5,9.2,9.4,7.9,4.3,8.4,1.1,4.3,3,3.9
Mauritania,2015,23rd,high warning,122.4,7.4,8.8,6.9,8,7.1,6.3,7.9,8.9,8,8.6,8.5,8.5,4.7,8.8,3.4,3.6,4.5,2.5
Cote d Ivoire,2015,24th,high warning,122.2,8.3,9.1,8.7,7.1,7.9,6.7,8.5,9,7.9,8.1,9,9.7,5,8.9,1.3,0.7,5.4,0.9
Kenya,2015,25th,high warning,121.8,8.4,8.9,9,7.5,8.3,7.5,8.1,7.9,6.5,9,8.3,8,3.9,7.6,0.9,4.9,5,2
Uganda,2015,26th,high warning,121.2,7.6,8.9,8.7,7,7.3,7.3,8,8.3,7.9,8.9,8.8,8.3,5.7,8.1,1,2.8,3.2,3.5
Bangladesh,2015,27th,high warning,120.5,7.7,9.6,8.4,6.7,7.2,7.5,8.5,8.1,7.7,8.1,6.6,5.7,2.1,7.8,0.8,6.3,9.7,2
Eritrea,2015,28th,elevated warning,118.6,7.7,8.1,6.1,8.3,7.2,7.6,9.1,8.7,9.3,8.8,7.8,8.2,4.2,8.5,1.9,4.2,0.6,2.2
Rwanda,2015,29th,elevated warning,118.5,6.2,8,8.8,6.3,8.2,7.5,6.5,7.3,7.7,8,7.9,7.8,4,6.9,1.4,4.8,4.9,6.4
Nepal,2015,30th,elevated warning,118.3,7,8.3,9.1,6.8,7.5,7,7.1,7.1,7.7,7.9,7.6,7.4,2.2,6.7,1.7,5.6,8.7,3
Myanmar,2015,31st,elevated warning,118.3,8.3,8.3,9.7,6.5,8.2,5.7,9,8.6,8.3,6.8,8.3,7,2.2,8.4,0.9,4.8,6,1.3
Cameroon,2015,32nd,elevated warning,118.1,7.6,9.1,8.1,6.2,7.8,7.5,8.4,8.8,8,8,7.8,7,4.8,8.6,1.1,1.9,4.3,3.1
Mali,2015,33rd,elevated warning,118.1,8.7,4.9,7.6,8.2,7.4,8.4,6,9,6.7,9.1,7.8,9.3,6.1,8.9,1.1,1.8,6.3,0.9
Congo Republic,2015,34th,elevated warning,117.5,6.7,6.7,6.6,6.4,8.2,6.8,8.7,9.1,7.9,7.8,8.3,7.6,4.7,9,4.7,3.9,3.7,0.7
Libya,2015,35th,elevated warning,116.4,9.3,9.1,7.8,8,6.1,6.4,9.8,7.5,9,5.4,7.4,9.5,2.3,7.2,3.5,6.5,0,1.6
Sri Lanka,2015,36th,elevated warning,115.8,7.9,9.1,9.3,5.9,7.6,7.8,8,5.6,8.8,6,8.2,6.4,2.1,5,1,7.5,9.1,0.5
Cambodia,2015,37th,elevated warning,115.2,6.7,8.2,7.4,6.4,7.1,7.5,8.4,7.7,8.3,7,5.8,7.4,2.6,7.4,3.1,5.3,7,2
Egypt,2015,38th,elevated warning,114.6,8.2,9,8.7,8.1,6.5,4.7,8.7,5.4,9.8,7.1,6.7,7.1,3.3,4.8,0.6,6.2,9.8,0
Philippines,2015,39th,elevated warning,114.5,9.1,8,8.3,6,6.2,6.2,7.5,7.2,5.9,8.2,7.4,6.3,3,6.8,1.3,5.9,8.6,2.7
Mozambique,2015,40th,elevated warning,113.9,7,6.9,5.9,7.8,8.6,7.4,7.2,9,6.1,8.7,5,7.3,5.3,8.9,3.4,2.2,3.2,4
Sierra Leone,2015,41st,elevated warning,113.6,4.8,7.7,6.2,8.7,8.8,8.4,6.9,9.3,5.6,9.5,8.2,7.8,4.6,9.2,2,0,4.7,1.2
Angola,2015,42nd,elevated warning,113.5,6,7.2,7.3,5.6,9.6,6,8.3,8.9,7.3,8.7,7.6,5.6,5.8,8.8,1.4,3.5,2.3,3.7
Senegal,2015,43rd,elevated warning,112.8,6.2,6.6,6.3,7.3,7.3,7.4,5.5,7.9,6.2,8,7.8,6.5,4.8,7.6,2,4.8,6.3,4.3
Burkina Faso,2015,44th,elevated warning,112.6,7.4,7.8,5,7.1,8.1,6.9,8.1,8.9,6.2,9.1,7.1,7.5,5.4,8.8,1.6,2.4,4.3,0.9
Malawi,2015,45th,elevated warning,112.2,4.8,7.7,5.4,8.6,8.4,8.1,6.9,7.8,6.2,8.8,6.1,8.1,4.6,7.5,1.4,3.8,6.3,1.7
Togo,2015,46th,elevated warning,111.7,7,7.6,4.5,6.8,8.1,7.3,8.1,8.6,7.2,8,7.1,6.5,4.5,8.4,3.1,2.5,4.5,1.8
Djibouti,2015,47th,elevated warning,111.7,6.9,7.3,6.6,7.4,7.8,5.8,7.6,7.8,7.2,8.2,7.1,8.4,2.9,7.5,2.9,3.4,5.5,1.3
Solomon Islands,2015,48th,elevated warning,111,6.4,8.2,6.5,7.6,8.9,6.3,7.3,7.6,5.7,8.5,4.9,8,3.9,7.3,2.4,5.7,5.6,0.2
Laos,2015,49th,elevated warning,110.8,6,8.3,6.3,5.5,6.9,7.4,9,7.7,8.1,7.1,5.6,6.6,2.8,7.4,1.8,4.5,7.3,2.5
Kyrgyz Republic,2015,50th,elevated warning,110.5,6.8,8,8.4,7,6.4,6.4,7.8,5.6,7.2,5.9,5.8,6.9,3.2,5,3.5,6.5,8.2,1.9
Gambia,2015,51st,elevated warning,110.1,6,6.8,3.7,7.8,7.2,7.7,7.8,7.7,8.6,8.2,6.4,7.5,5.5,7.4,1.2,2.9,6.8,0.9
Iran,2015,52nd,elevated warning,110,8,9.4,8.5,6.9,6.1,6.2,8.9,5,9.3,5.4,6.5,7,1.7,4.3,0.5,7.1,8.9,0.3
Israel and West Bank,2015,53rd,elevated warning,110,7,8.1,9.7,3.9,6.9,3.8,6.3,5.3,7.4,6,7.4,7.6,3.1,4.7,0.9,9.2,10,2.7
Comoros,2015,54th,elevated warning,109.4,7.2,7.5,5,8,7,7.8,6.8,8,6.1,7.6,4.5,7.8,4.4,7.7,1.9,3.8,8,0.3
Tajikistan,2015,55th,elevated warning,108.9,6.8,8.4,7.3,7.4,5.6,6.3,9.1,5.9,7.6,7.8,4.8,6.4,3.4,5.3,1.7,6.3,6.8,1.9
Guatemala,2015,56th,elevated warning,108.8,7,6,7.9,6,8,6.7,6.6,7.4,6.6,7.3,5.5,5.4,3,7,1.1,6.9,8.9,1.4
Zambia,2015,57th,elevated warning,108.6,5,5.7,5.7,7.7,8.6,7.8,7.4,7.6,6.8,9.4,6.9,6.6,5,7.3,2,3.4,4.4,1.3
Colombia,2015,58th,elevated warning,108.5,7.3,7.6,8,3.8,7.5,6.7,7.1,6,7.3,6.9,7.8,6.5,1.9,5.5,0.7,7.4,8.6,2
Madagascar,2015,59th,elevated warning,108.5,7.1,7.6,4.6,7.6,8.5,6.1,7.2,9.1,6.1,8.5,3.9,7.3,4.2,9,1.9,4.3,3.4,2.1
Algeria,2015,60th,elevated warning,108.4,8,7.7,8.2,6.4,6,5.1,7.8,5.8,7.1,5.7,6.4,5.4,2.8,5.2,1.4,7.2,8.9,3.2
Nicaragua,2015,61st,elevated warning,108.3,5.6,6.8,6.5,6.2,7.9,8.1,7.3,7.2,5.3,6.2,4.6,7.3,2.2,6.8,2.6,7.5,6.1,4.1
Swaziland,2015,62nd,elevated warning,107.7,6,6.8,3.7,9.3,8.1,6.9,8.5,7.5,8.5,8.5,4.9,7.6,3.1,7.2,2.1,2.4,6,0.6
Honduras,2015,63rd,elevated warning,107.7,6.7,6.6,6.4,6.3,7.7,6.9,6.7,6.7,6.3,6.8,3.7,7.4,2.5,6.3,2.9,6.8,8.4,2.6
Bolivia,2015,64th,elevated warning,107.6,6.6,8,6.5,5.4,8.6,6.4,7,6.9,5.9,6.7,3.8,6.2,2.9,6.5,1.5,5.5,7.9,5.3
Venezuela,2015,65th,elevated warning,107.5,6.5,8.1,7.3,6.5,6.7,5.2,8.6,7.2,8.3,5.1,4.8,4.3,2.3,6.8,1.8,7.6,8.6,1.7
Turkmenistan,2015,66th,elevated warning,107.4,6.8,7.8,7.1,5,6.9,5.1,9.7,6.1,8.8,5.7,3.9,4.6,2.9,5.6,3.5,5.5,9.8,2.6
Tanzania,2015,67th,elevated warning,106.8,5.5,5.7,5.7,6.7,7,7,6,8.7,6,8.8,6.4,7.3,5.1,8.5,0.9,4.2,3.7,3.6
Lebanon,2015,68th,elevated warning,106.2,8.8,9.3,8.6,5.9,5.7,5.4,7.8,5.4,7.2,5.7,9.1,9.2,1.7,4.8,3,8.4,0,0.3
Equatorial Guinea,2015,69th,elevated warning,105.7,7,8.2,6.3,5.2,9,6,9.8,7.1,9.7,7.7,3.3,5.5,4.8,6.7,1.9,2,3.1,2.4
Bhutan,2015,70th,elevated warning,105.5,5,7.5,7.9,5.7,6.9,6.8,5,6.6,6.5,6,6.9,7.9,2.1,6.1,2.7,5.1,9.8,0.9
Thailand,2015,71st,elevated warning,105.4,8.9,10,8.5,4,5.8,4.1,8,4.9,7.7,6.9,6,4.3,1.5,4.2,2.6,7.7,9.7,0.6
Papua New Guinea,2015,72nd,elevated warning,105.4,6.9,7.1,6.3,6.2,9,7.1,6.9,8.7,6.6,7.3,4.6,6.7,3.7,8.5,2,4.5,2.9,0.3
Georgia,2015,73rd,elevated warning,105.3,7.3,9.1,7.8,5.8,5.9,5.4,8.8,4.8,5.8,3.9,7.4,7.3,2,4.1,2.8,7.2,8.7,1.1
Lesotho,2015,74th,elevated warning,105.3,5.6,7.3,4.4,8.3,7.3,7.4,6.4,8,4.8,7.7,4.9,7.8,3.1,7.7,4.2,1.1,6.6,2.5
Ecuador,2015,75th,warning,104.8,6.7,8.2,7.8,5.3,6.8,6.2,7,6.3,5.1,5.7,5.2,5.6,2.5,5.8,0.7,7.7,8,4.2
Jordan,2015,76th,warning,104.8,5.5,6.9,7.7,6.3,5.9,3.6,6.1,4.7,7.6,7,8.8,6.8,3.4,4,2.7,6.8,9.7,1.2
India,2015,77th,warning,104.4,7.9,7.3,8.3,5.6,7.5,5.5,5.2,7.5,5.9,8,5.4,5.3,2.4,7.2,0.6,5.1,8.5,1.2
Belarus,2015,78th,warning,104.2,6.6,8.3,6.8,6.1,5.2,3.4,8.6,4.7,8.4,5.6,4.1,7.8,1.7,4,2.6,7.7,9.9,2.7
Bosnia and Herzegovina,2015,79th,warning,104.1,6.2,8.7,7.1,5.8,5.6,5.5,7,4.1,5.8,6.1,7.3,8.2,1.3,3.3,2.4,7.8,9.8,2.1
Maldives,2015,80th,warning,103.8,6.1,7.8,4.6,6.4,4.1,5.6,8.5,6.1,7.5,5.8,4.7,7,2.1,5.6,3.9,7.5,10,0.6
Russia,2015,81st,warning,103.7,9.1,8.1,9.3,4.4,6.4,4.5,7.9,4.7,8.9,5.1,5.7,5.9,1.8,4,0.6,7,9,1.4
China,2015,82nd,warning,103.5,5.9,7.2,8.3,3.4,7.4,4.6,8,6.2,9.2,7.4,5.6,3.2,1.6,5.7,0.4,7.3,9.6,2.4
Benin,2015,83rd,warning,103.5,6.2,6.1,3.9,6.6,7.5,6.8,6.2,8.6,5.6,8.2,6,7.1,5,8.4,1.6,2.9,6,0.7
Mexico,2015,84th,warning,103.2,8,5.1,6.4,4.6,6.6,5.8,5.9,6.8,6.5,6.2,4.4,5.5,2.2,6.4,1.5,7.8,9.4,4.2
Tunisia,2015,85th,warning,103.2,7.8,8.1,7.8,6.6,5.4,5.5,7,4.9,7,4.7,4.1,6.9,2.2,4.2,2.3,7.3,8.3,3.1
Vietnam,2015,86th,warning,102.9,5.1,6.9,6.5,5.8,5.5,5.6,8.1,5.2,7.8,6.1,4.7,5.1,2,4.5,4.3,8.2,9.1,2.4
Fiji,2015,87th,warning,102.3,6.7,7.9,7,6.7,6.8,7.6,7.4,4.5,6.9,4.7,3.4,7.2,2.5,3.8,2.6,6.1,8.9,1.6
Serbia,2015,88th,warning,102.1,6,8,8.1,6.7,5.3,5.3,5.7,4.7,4.9,5.5,7,6.6,1.5,4,2.5,7.4,9.5,3.4
Cape Verde,2015,89th,warning,102,5.7,5.5,4,6.2,7.5,8.6,5.7,6.5,4.5,7.1,4.1,8.1,2.4,6,4.2,6.4,7.4,2.1
Ukraine,2015,90th,warning,101.3,7.9,8,7,6.5,4.7,5.5,8.5,3.8,6.4,4.5,4.4,9.1,1.5,3,2.4,6.9,10,1.2
Uzbekistan,2015,91st,warning,101.2,7.6,8.8,7.6,6.8,7,6.3,9.6,5.4,9.1,6.1,6,5.1,2.5,4.8,0.6,6.3,0,1.6
Azerbaijan,2015,92nd,warning,100.8,6.7,7.9,6.4,4.1,5.9,4.3,8.6,5.4,8.4,5.1,7.6,6.9,2,4.8,1.3,6.5,7.2,1.7
Turkey,2015,93rd,warning,100.8,7.7,7.3,9,5,6.2,3.7,6.3,4.9,6.4,5.5,7.5,5,2.1,4.2,0.9,7.6,10,1.5
Micronesia,2015,94th,warning,100.5,5.1,5.6,4,8.1,8.4,9,6,5.7,3.1,7.1,3.2,8.3,3.2,5.1,4.8,5.2,8.6,0
El Salvador,2015,95th,warning,100.3,6.5,4.3,6.3,5.9,6.6,6.9,4.8,6.7,6.1,6.9,5.1,5.3,2.1,6.3,1.7,7.3,8.3,3.2
Paraguay,2015,96th,warning,99.7,6.5,7.8,5.9,5.1,8.4,5.2,7.1,6.7,6.1,5.9,2.2,4.4,2.5,6.3,1.7,6.6,9.8,1.5
Moldova,2015,97th,warning,99.4,6.6,7.8,6.5,6.3,5.3,6.4,6.3,5.4,5.4,5.3,4.4,7.3,1.2,4.8,3.5,6.8,7.9,2.2
Morocco,2015,98th,warning,99.1,5.7,6.6,7.1,5.3,6.3,7.6,6.5,5.7,7,5.5,5.3,6,2.5,5.1,1.7,7,6.4,1.7
Namibia,2015,99th,warning,98.9,4.9,3.5,5.9,7.1,8.1,6.5,3.8,7.3,4.3,7,5.5,6.9,3.5,6.9,3.2,4.2,6.3,4.1
Dominican Republic,2015,100th,warning,98.9,5.2,6.2,5.8,5.3,6.3,7.6,6,6.8,5.5,6.8,3.8,5.9,2.5,6.4,1,7.1,8.6,2.1
Indonesia,2015,101st,warning,98.7,6.2,7,7.3,5.2,6.3,6.3,5.6,6,6.8,7.1,5.9,5.3,2.4,5.5,0.6,5.5,8.1,1.7
Guyana,2015,102nd,warning,98.6,5.8,5.1,6.5,6.2,6.2,9.1,5.9,6.1,3.9,5.6,3.6,6.5,2.5,5.6,2.9,4.8,9.3,3
Peru,2015,103rd,warning,98.4,7.1,6.7,7.5,3.7,7.3,6.7,7.1,7.1,4.6,5.3,4.8,4,2.4,6.7,0.7,7.3,7.2,2.2
Sao Tome and Principe,2015,104th,warning,98.1,5.5,6.3,4.5,8.4,6.5,7.9,6.1,5.8,3.8,6.7,4.3,7.9,4.5,5.2,0.7,4.7,7.4,1.8
Ghana,2015,105th,warning,97,4.1,4.9,4.6,6.3,7.1,7.6,5,7.9,5.2,7.1,5.5,6.6,4,7.6,2.5,3.3,6.6,1.1
Suriname,2015,106th,warning,96.3,5.4,5.8,5.8,6.8,6.6,7.3,5.5,5.8,4.9,5.3,3,6.2,2.4,5.2,2.5,6.4,8.8,2.6
Samoa,2015,107th,warning,96.2,5.2,5.1,4.5,6.5,5.4,8.9,6.2,5,4.5,6.2,2.1,8.6,4,4.3,2.1,7.4,9.5,0.6
Cuba,2015,108th,warning,95.7,5.7,7,4.5,4.5,5.9,5.7,7,4.7,7.3,5.6,4.5,5,1.7,4,0.2,8.5,9,4.9
Armenia,2015,109th,warning,94.6,5.3,7,5.4,6,5,6,7,4.1,6.5,3.6,7,6.8,1.6,3.3,1.7,7.3,9.9,1.1
Gabon,2015,110th,warning,94.2,5,7.1,3.7,4.8,6.9,5.5,7.4,6.8,6.9,7.1,5,5.1,3.9,6.4,1,4.4,5.9,1.4
Kazakhstan,2015,111th,warning,93.7,5.7,7.6,7,6.5,4.7,3.6,8,4.5,7.5,5,3.5,4.7,2.7,3.8,0.8,7.1,8.4,2.6
Macedonia,2015,112th,warning,93.1,5.4,7,7,5.7,5.6,5.5,5.5,4.4,3.9,3.3,5.3,5.9,1.5,3.6,3,7.3,9.8,3.3
Cyprus,2015,113th,warning,92.4,4.4,7.9,7,6.7,6.4,4.5,5.3,3,3.3,4,4.5,9.2,1.4,2,2.8,8.7,10,1.3
Belize,2015,114th,warning,92.2,5.8,4.3,4.1,5.9,6.2,6.5,5.7,5.8,4.1,5.9,4.1,6.9,2.5,5.2,3.1,6,9.6,0.3
Malaysia,2015,115th,warning,92,6.8,6.5,6.2,3.6,5.3,4.5,6.9,4.7,7.2,5.8,4.2,4.2,2.1,4,2.9,7.3,8.9,1
Jamaica,2015,116th,warning,91.4,6.3,3.7,3.9,7.1,5.9,7.8,5.3,5.8,4.9,5.2,3,5.7,2,5.2,1.9,7.5,8.8,1.3
South Africa,2015,117th,warning,90.9,5.3,5.6,5.5,6.3,7.4,4.9,5.3,6.4,4.3,7,5.9,3.1,2.5,5.9,1.2,3.9,6.3,4.2
Albania,2015,118th,stable,88.4,4.7,6.2,5,5.2,4.2,7.1,6.2,4.5,5.5,4.1,3.1,6.1,1.7,3.8,1.9,8.1,9,2.1
Saudi Arabia,2015,119th,stable,87.5,6.4,8,7.4,4.4,5.8,3.7,7.8,3.7,9.2,5.8,4.6,4.8,2.6,2.8,1.6,6.9,0,2
Brazil,2015,120th,stable,87.3,5.9,4.9,5.9,3.9,7.7,4.1,5.1,5.9,5.8,7.6,3.1,2.7,1.7,5.3,0.2,7.7,8.7,1
Botswana,2015,121st,stable,85,3.5,3.3,5.4,6.3,7.7,5.1,3.8,6,4.4,7.5,5.2,4.6,2.8,5.5,2.4,4.8,5.8,1
Brunei Darussalam,2015,122nd,stable,84.8,5.6,7.4,5.9,2.8,7.8,4.6,8,2.2,7.7,4.2,2.7,4.1,1.9,1.1,1.2,7.6,9.9,0
Panama,2015,123rd,stable,83.3,5.1,2.5,5.6,3.4,7.3,4,4,5.5,4.8,5.7,3.5,3.2,2.5,4.9,2.5,8.3,8.7,1.8
Bulgaria,2015,124th,stable,82.6,4.1,5.3,5.2,6.2,4.9,4.6,5,4.2,3.4,4.2,3.5,4.8,1.5,3.4,2.9,7.4,9.9,2
Montenegro,2015,125th,stable,80.8,4,6.3,7.3,4.6,2.9,3.6,4,3.6,4.2,3.3,4.5,5.9,1.7,2.7,2.8,7.8,9.9,1.7
Grenada,2015,126th,stable,80.3,5.6,5.6,3.8,5.9,5.3,8.4,5.9,3.7,3.7,5.2,3.2,7.1,2.1,2.8,1.8,6.8,0,3.3
Romania,2015,127th,stable,80,3.5,5.2,6.8,5.2,4.7,4.5,5.6,4.3,3.9,3.7,2.7,4.1,1.5,3.5,1.7,7.6,10,1.4
Mongolia,2015,128th,stable,80,4,5.5,4.3,4.3,6.4,3.1,4.5,5.7,4.8,5.5,2.4,6.5,2.8,5.1,1.9,6.1,5.6,1.5
Greece,2015,129th,stable,79.3,4.5,3.7,5,6.5,4.2,3.8,6.5,3.9,3.4,3.6,1.6,5.9,1.3,3.1,1.2,9.2,10,2
Bahrain,2015,130th,stable,79.1,6.7,7.1,7.7,3.2,5.1,3.5,8.4,2.3,7.8,4.6,2.6,5.3,2.1,1.3,3.4,7.4,0,0.8
Seychelles,2015,131st,stable,78.8,6.6,5.7,4.5,4.6,6,5.5,5.7,3.2,4.6,5.1,3.1,7.5,2.3,2.3,0.3,7.5,0,4.4
Trinidad and Tobago,2015,132nd,stable,76,5.7,5.6,4.1,4.3,5.5,7.5,5,4.8,4.6,5,3,3.6,1.8,4.1,2.1,6.3,0,3.1
Croatia,2015,133rd,stable,76,4,4.4,5.7,5.3,3.8,4.5,3.4,2.9,4.1,3.6,4.9,4.4,1.5,1.9,2,8.1,10,1.5
Hungary,2015,134th,stable,75.8,2.4,5.3,4.7,5.9,4.3,3.3,6.6,3.3,4.5,2.3,2.5,4,1.4,2.4,3.9,7.9,10,1
Oman,2015,135th,stable,75.7,4.7,6.6,3,4.5,4.2,1.9,6.6,3.8,7.5,5,2,2.2,2.7,3,2.3,7.8,7.8,0.1
Costa Rica,2015,136th,stable,75.3,3.1,3.8,4.7,4.3,5.5,3.5,2.9,4.5,2.1,4.1,3.9,4.3,1.8,3.8,1.2,8.6,10,3.3
Latvia,2015,137th,more stable,74.9,3.5,4.3,7.4,4,4.6,4.4,3.9,3.4,3,3.4,2.9,3.8,1.6,2.5,2.7,7.8,9.8,1.8
United Arab Emirates,2015,138th,more stable,74.3,3.1,3.6,3.9,2.9,4.2,2.5,6.6,2.7,7.1,4.5,2.2,2.9,1.8,1.7,4.7,7.6,10,2.3
Antigua and Barbuda,2015,139th,more stable,73.8,5.2,3.7,3.9,5,5,7.3,5.9,3.9,4.5,4.6,3,5.8,2.1,3.1,2.1,7.6,0,1.1
Estonia,2015,140th,more stable,72.3,3.1,5.5,6.5,3.6,3.7,3.5,3.2,3.4,2,3.3,2.9,3.1,1.5,2.5,3.6,8.6,9.9,2.4
Argentina,2015,141st,more stable,71.5,3.6,2.8,5,4.9,5.4,3,4.7,4.3,4.1,3.8,2,4,2.3,3.5,0.1,8,10,0
Lithuania,2015,142nd,more stable,71.2,3,3,4.3,5,5,4.2,3.2,4,2.4,3.3,2.6,3,1.6,3.2,3.6,8.2,9.3,2.3
Malta,2015,143rd,more stable,71,3.4,2,3.9,4.2,2.9,4,3.9,2.3,3.3,2.8,4.6,3.6,1.4,1.3,6.9,9.2,10,1.3
Mauritius,2015,144th,more stable,70.7,2.8,3.2,3.8,4.7,4.3,4.2,3.5,3.8,3.4,4.1,2.2,5.2,1.4,3,2.7,7.4,10,1.2
Slovak Republic,2015,145th,more stable,70.2,2.3,3.7,5.9,5.1,4,4.2,3.7,2.9,2.7,2.8,2,3.3,1.4,1.9,4.4,8.2,9.7,1.9
Kuwait,2015,146th,more stable,69.9,3.9,7.5,4.7,3,4.7,3.1,7.3,2.5,7.3,5.1,4,4.4,2,1.5,1.9,6.8,0,0.2
Italy,2015,147th,more stable,69.5,4.4,4.9,4.9,5.6,3.4,2,4.2,2.3,2.5,3.1,3.7,2.2,1.4,1.3,0.9,9.7,10,3.1
Spain,2015,148th,more stable,68.9,3.3,6.1,5.8,5,4,2.4,3.3,2.7,1.9,2.5,1.7,2.2,1.3,1.7,1.1,9.8,10,4.1
Chile,2015,149th,more stable,68.2,3.1,1.7,4.1,3.6,5.1,3.2,3,4.5,3.4,5.1,2.1,2.6,1.8,3.8,1.1,8.5,10,1.6
Bahamas,2015,150th,more stable,67.9,4,4.5,4.1,4.7,5,5,4.3,4.4,3,6.1,2.8,3.7,1.8,3.6,2,7.6,0,1.3
Poland,2015,151st,more stable,65.8,2.3,3.8,4.4,4.1,3.5,4.4,3.2,2.8,2.5,3.3,2.8,2.7,1.3,1.8,2,8.6,9.6,2.7
Czech Republic,2015,152nd,more stable,65.5,2.6,4.3,3.8,4.8,3.2,2.8,4.2,3.1,2.1,1.9,2,2.6,1.5,2.2,3.6,8.8,10,2
Barbados,2015,153rd,more stable,63.9,4.3,4.2,4.1,5.7,5.1,5.4,3,2.7,2.9,3.8,2.7,5.4,1.8,1.7,2,7.4,0,1.7
Uruguay,2015,154th,more stable,60.9,3.7,2.7,3,3.2,4.2,4.4,1.4,3.4,2.2,3.5,1.9,2.9,2,2.5,0.7,8.2,9.4,1.6
Belgium,2015,155th,more stable,60.1,2,3.9,4.1,4.5,3.2,1.9,1.9,2.1,1.2,2.5,1.6,1.5,1.7,1,3.9,9.1,10,3.9
Slovenia,2015,156th,more stable,60.1,2.1,1.6,3.9,4.2,3.9,2.8,2.6,2,2,2.8,1.4,2.3,1.6,0.9,3.2,9.2,9.9,3.7
France,2015,157th,very stable,59.5,2.3,1.9,6.8,4.8,3.7,2.2,1.8,1.5,2.3,2.8,2.2,1.4,2,0.3,1.1,9.7,10,2.6
United Kingdom,2015,158th,very stable,59.1,2.5,3.5,5.6,3.9,3.7,2.1,2,2.1,1.8,2.6,2.4,1.2,1.8,1,1,9,10,2.9
United States,2015,159th,very stable,58.4,2.8,4,5,2.8,4.8,1.5,2.4,2.1,3.7,3,2.1,1.1,1.8,1,0.3,8.3,9.7,1.9
Qatar,2015,160th,very stable,58.2,2.5,5,4.6,2.6,5.2,3.1,6,1.8,6.2,4.3,1.8,3.2,1.9,0.7,1.4,7.9,0,0
Portugal,2015,161st,very stable,57.1,1.6,1.8,2.6,5.1,2.9,2.2,1.8,2.7,2.3,2.6,1.6,2.5,1.2,1.7,1.6,9.4,10,3.5
Luxembourg,2015,162nd,very stable,56.1,2,3.4,3.1,1.5,1.5,2.1,1.3,1.3,1,1.7,1.7,1.6,1.5,0.1,10,9.5,10,2.8
Singapore,2015,163rd,very stable,55.9,1.6,4,3.1,2.5,4,3.3,3.8,1.8,4.6,2.9,1.1,1.7,1.2,0.7,7.8,9.4,0,2.4
Netherlands,2015,164th,very stable,54.9,1.8,2.6,3.9,3.4,2.7,2.6,1,1.5,1,3,2.1,1.2,1.7,0.3,3.4,9,10,3.7
South Korea,2015,165th,very stable,54.4,2.1,3.8,3.4,2,3.5,3.5,3.3,2.4,2.6,2.8,1.5,5.4,2.6,1.4,1.1,2.8,6,4.2
Germany,2015,166th,very stable,54.3,2.1,2,4.6,2.9,3.3,2.1,1.2,1.6,1.5,2.5,3,1.3,1.5,0.5,1.6,9,10,3.7
Ireland,2015,167th,very stable,52.4,1.8,1.3,1.9,4.1,2.7,2.8,1.5,1.9,1.2,2.2,1.4,1.9,1.9,0.8,4.5,9,9.9,1.6
Austria,2015,168th,very stable,52.3,1.1,2.7,4.3,2.2,3.4,1.5,1.4,1.6,1.7,2.4,2,1.7,1.5,0.5,2.1,9.2,10,3.1
Iceland,2015,169th,very stable,51.2,1,1.8,1.3,3.6,1.6,2.8,0.9,1.7,1.1,1.6,1.4,4.6,1.9,0.6,2,9.3,10,4.1
Japan,2015,170th,very stable,49.9,1.4,2.6,4.2,4.6,1.9,2.6,1.7,2.1,3.4,4.8,3.1,3.6,1.5,1,0.4,10,0,1
Australia,2015,171st,very stable,49.6,2.1,1.6,4.4,2.1,2.7,1,1.1,2,2.4,1.8,2.1,1,1.8,0.9,0.6,9.3,10,2.7
Switzerland,2015,172nd,very stable,49,1.4,1,3.6,2,2.7,2.1,1,1.4,1.8,1.9,2.1,1.3,1.5,0.2,2.2,9.5,10,3.2
New Zealand,2015,173rd,very stable,48.3,1.1,1.1,4.1,3.9,2.8,2.1,0.5,1.9,1,1.9,1.1,1.1,2,0.8,0.9,8.9,10,3.1
Denmark,2015,174th,very stable,48.1,1.5,1.4,3.6,2.5,2.1,1.9,0.5,1.4,1.3,2.5,1.4,1.4,1.7,0.2,2.1,8.9,10,3.7
Sweden,2015,175th,very stable,47.9,2.1,1.8,1.3,2.3,1.8,1.5,1,1.6,1,2.5,2.3,1,1.9,0.5,1.7,9.3,10,4.4
Norway,2015,176th,very stable,47.1,2.5,1.1,3.7,1.7,2,1.6,0.4,1.4,1.3,2,1.9,1.2,1.8,0.2,1.2,9.2,10,4
Finland,2015,177th,very stable,44.3,1.4,1.1,1.6,3.8,1,2.3,0.5,1.2,0.9,1.5,1.5,1,1.7,0,1.5,9.2,10,4.2
Canada,2015,178th,very stable,41.3,2.2,2.5,3.9,1.8,3,2.2,0.9,2,1.8,2.4,2,1,1.6,0.9,1.3,9.2,0,2.6
